ID,name,year,occ,loc,state,studentflag,SOC,main,sub
5983,Alex Hooper,2009,lawyer,"Cedar Key, Florida",florida,,23-1011,23,1011
93,Robert Kirkpatrick,2004,animator,"Miami Beach, Florida",florida,,27-1014,27,1014
7182,Ron Roberts,2011,poker impresario,"Pompano Beach, Florida",florida,,,9999,9999
8548,Stacie Larson,2013,public librarian,"Orlando, Florida",florida,,25-4021,25,4021
2749,Lionel Goldbart,1986,part-time newsstand clerk,"Miami Beach, Florida",florida,,,9999,9999
8291,Ryan Truchelut,2013,meterologist and graduate student,"Tallahassee, Florida",florida,,56-MiscStudent,56,MiscStudent
5842,Todd Hellman,2002,attorney,"Lakeland, Florida",florida,,23-1011,23,1011
3748,Anthony DiMarco,2000,government representative,"Tallahassee, Florida",florida,,,9999,9999
4625,Chris Dixon,2008,sales associate,"Fort Lauderdale, Florida",florida,,,9999,9999
7216,Raya Elias-Pushett,2011,junior,"Aventura, Florida",florida,TRUE,56-MiscStudent,56,MiscStudent
257,Orlando Zambrano,2005,junior,"Tampa, Florida",florida,TRUE,56-MiscStudent,56,MiscStudent
3680,Tom Sims,2000,construction estimator,"Winter Park, Florida",florida,,13-1051,13,1051
2512,Meighan Larbi,2006,publishing data manager,"Cape Coral, Florida",florida,,,9999,9999
5052,Darrin Gershman,2008,graduate student,"Coral Springs, Florida",florida,,56-GradStu,56,GradStu
8034,Susan Petracco,2012,e-commerce consultant,"Viera, Florida",florida,,59-Consultant,59,Consultant
4291,Natalie Tindall,2000,senior at Florida A&M,"Tallahassee, Florida",florida,TRUE,56-MiscStudent,56,MiscStudent
6231,Brian Johnson,1994,junior,the University of Florida,florida,TRUE,56-MiscStudent,56,MiscStudent
8866,Priscilla Emery,2014,records management consultant,"Longwood, Florida",florida,,59-Consultant,59,Consultant
1704,Erynn Masi de Casanova,2006,graduate student,"St. Petersburg, Florida",florida,,56-GradStu,56,GradStu
5268,Rebecca Goldman,2002,theatre teacher,"Clearwater, Florida",florida,,25-MiscTeacher,25,MiscTeacher
8735,John Emery,2013,graduate student of financial engineering,"Brandon, Florida",florida,,56-MiscStudent,56,MiscStudent
6759,Tatiana Walton,2010,graphic designer,"Cutler Bay, Florida",florida,,27-1024,27,1024
238,Mike Dup�e,1996,attorney,"Gainesville, Florida",florida,,23-1011,23,1011
230,Nancy Smith,1986,lawyer,"Gainesville, Florida",florida,,23-1011,23,1011
796,Peggi Malys,101990,medical student,"Orlando, Florida",florida,,11-MedicalStu,11,MedicalStu
2888,Allie Pape,2002,sophomore,"Ponte Vedra, Florida",florida,TRUE,56-MiscStudent,56,MiscStudent
4881,Tim Wilson,2008,college professor,"DeBary, Florida",florida,,25-Prof,25,Prof
3470,Ramon Flores,2002,human resources manager,"Sunrise, Florida",florida,,,9999,9999
1723,Judith Danovitch,2001,graduate student,"Coral Springs, Florida",florida,,56-GradStu,56,GradStu
7773,Trevor Bryan,2012,academic advisor,"Tallahassee, Florida",florida,,,9999,9999
7778,Eileen McQuiggan,2012,former teacher and stay-at-home mom,"Orlando, Florida",florida,,25-MiscTeacher,25,MiscTeacher
2556,Janet Marnane,2006,naval officer,"Daytona Beach, Florida",florida,,55-1019,55,1019
5010,John Brown,2008,middle school teacher,"Tampa, Florida",florida,,,9999,9999
5015,Danny Whitehurst,2008,naval officer,"Lithia, Florida",florida,,55-1019,55,1019
6524,Kim McShane,2004,freelance business writer,"Tallahassee, Florida",florida,,,9999,9999
6275,John Munson,2009,self-proclaimed gadabout,"Lakeland, Florida",florida,,,9999,9999
6279,Matthew Cohn,2000,12-year-old,"Sunrise, Florida",florida,TRUE,56-MiscStudent,56,MiscStudent
1302,"David Charlton, Jr.",1997,college student,"Port Charlotte, Florida",florida,,56-MiscStudent,56,MiscStudent
6474,Solomon Howard,2009,freshman,"St. Petersburg, Florida",florida,TRUE,56-MiscStudent,56,MiscStudent
5030,Jules Staniewicz,2008,investment manager,"Boca Raton, Florida",florida,,,9999,9999
312,Lionel Goldbart,1986,newsstand clerk,"South Miami Beach, Florida",florida,,,9999,9999
315,Steve Robin,1991,writer and producer,"Miami, Florida",florida,,,9999,9999
1337,Pat Ostenburg,1997,chemistry teacher,"Ocala, Florida",florida,,,9999,9999
7704,Michael McCall,2012,political consultant,"Pompano Beach, Florida",florida,,19-3094,19,3094
1091,Tom Streit,2005,real estate lawyer,"Jupiter, Florida",florida,,,9999,9999
1098,Alison Beightol,2005,labor and delivery registered nurse,"Lake City, Florida",florida,,,9999,9999
1322,Bruce Bullock,1997,office assistant,"Jacksonville, Florida",florida,,43-9061,43,9061
1320,Adam Weinstein,2005,graduate student,"Fort Lauderdale, Florida",florida,,56-GradStu,56,GradStu
5784,Laura Sturaitis,2002,marketing executive,"Fort Lauderdale, Florida",florida,,11-2021,11,2021
5787,Jerry Pyzansky,2009,legal assistant,"Boca Raton, Florida",florida,,23-2011,23,2011
6332,Enrique Machado,2009,oil filtration business developer,"Orlando, Florida",florida,,,9999,9999
1662,Kim Clemmer,2006,PC technician,"Leesburg, Florida",florida,,,9999,9999
592,Ted Kissell,2000,journalist,"Miami, Florida",florida,,27-3022CU,27,3022CU
1404,Nancy Splane,1997,homemaker,"Jacksonville, Florida",florida,,Unemployed,Unemployed,9999
694,Larry Caplan,1984,attorney,"Tamarac, Florida",florida,,23-1011,23,1011
5798,Marc Goldenberg,2002,economist,"Miami Beach, Florida",florida,,19-3011,19,3011
3269,Jeanne Davis,1999,systems analyst,"Valrico, Florida",florida,,,9999,9999
6103,Andrew Schwartz,2009,independent filmmaker,"Miami, Florida",florida,,,9999,9999
3415,Kristin Briggs,2007,senior,"Parkland, Florida",florida,TRUE,56-MiscStudent,56,MiscStudent
4864,Paul Risner,1999,lawyer,"Sarasota, Florida",florida,,23-1011,23,1011
1341,Mauricio Rivero,1997,tax auditor,"Hialeah, Florida",florida,,,9999,9999
4009,Lois Rothman,1986,social worker,"Miami, Florida",florida,,,9999,9999
3974,Andy Hutchins,2007,senior,"Rockledge, Florida",florida,TRUE,56-MiscStudent,56,MiscStudent
6446,Crystal Durham,2004,12-year-old,"Fort Pierce, Florida",florida,TRUE,56-MiscStudent,56,MiscStudent
4476,Mike Donilon,2007,finance manager,"Orlando, Florida",florida,,,9999,9999
8967,Thad McCollum,2014,door person,"Orlando, Florida",florida,,,9999,9999
5437,Kitty O'Rourke,2008,nurse,"Fort Walton Beach, Florida",florida,,,9999,9999
4279,Chris Jason,2007,U.S. Navy flight officer,"Sarasota, Florida",florida,,,9999,9999
5553,Jonathan Feuerman,2003,attorney,"Miami, Florida",florida,,23-1011,23,1011
5888,Jorge Rivero,2009,contamination control technician,"Sunrise, Florida",florida,,,9999,9999
6551,Patrick Macaraeg,2004,software engineer,"Largo, Florida",florida,,15-1131CU,15,1131CU
6124,Bob Sutton,1988,environmental chemist,"Gainesville, Florida",florida,,,9999,9999
6942,Joe Gallagher,2010,anthropology and botany student,"Orlando, Florida",florida,,56-MiscStudent,56,MiscStudent
8395,Jeff Lesemann,1993,flea merchant,"St. Petersburg, Florida",florida,,,9999,9999
8396,Trevor Walker,2013,sophomore at MIT,"Miami Shores, Florida",florida,TRUE,56-MiscStudent,56,MiscStudent
3197,Dan O'Rourke,2001,attorney,"Fort Walton Beach, Florida",florida,,23-1011,23,1011
3994,Tommy Maranges,2007,junior,"Fort Lauderdale, Florida",florida,TRUE,56-MiscStudent,56,MiscStudent
8165,Heather Montanye,2013,environmental resource manager,"Monticello, Florida",florida,,,9999,9999
7866,Stu Weaver,2012,singer/songwriter,"St. Augustine, Florida",florida,,,9999,9999
1196,Mary Margaret Purvis,1996,math teacher,"Rockledge, Florida",florida,,,9999,9999
6574,Matt Green,2009,systems engineer,"Indialantic, Florida",florida,,,9999,9999
7529,Heather Anstaett,2011,auditor,"West Palm Beach, Florida",florida,,13-2011,13,2011
8851,Michelle DeGrothy,2014,navy helicopter pilot,"Neptune Beach, Florida",florida,,,9999,9999
7060,Lea Tottle,2010,junior,"Florida State University from Oldsmar, Florida",florida,TRUE,56-MiscStudent,56,MiscStudent
8854,Osei Boakye,2014,graduate student of history,"Clearwater, Florida",florida,,56-MiscStudent,56,MiscStudent
8623,Clara Poplin,1987,attorney,"Tampa, Florida",florida,,23-1011,23,1011
1974,Raj Dhuwalia,2002,graduate student,"Gainesville, Florida",florida,,56-GradStu,56,GradStu
6513,Mike Marmesh,2009,veterinarian,"Miami, Florida",florida,,,9999,9999
6168,Francis Musella,2003,twelve-year-old,"Boynton Beach, Florida",florida,TRUE,56-MiscStudent,56,MiscStudent
2210,Denese Edsall,2001,equal opportunity manager,"Hollywood, Florida",florida,,,9999,9999
7041,Bert Rubini,2010,chemistry professor,"St. Petersburg, Florida",florida,,25-1052,25,1052
6981,Kevin Knudson,2010,mathematics college professor,"Gainesville, Florida",florida,,25-Prof,25,Prof
1014,Lyn Payne,1997,librarian,"Orlando, Florida",florida,,25-4021CU,25,4021CU
438,Becky Benjamin,1999,law student,"Miami, Florida",florida,,23-LawStudent,23,LawStudent
5709,Victor Fernandez,2003,nonprofit professional,"Miami, Florida",florida,,,9999,9999
4980,Melanie Bruchet,1999,11-year-old,"Tallahassee, Florida",florida,TRUE,56-MiscStudent,56,MiscStudent
4982,Steve Frappier,2008,high school college counselor,"Miami, Florida",florida,,,9999,9999
3242,Dave Stewart,2001,waiter,"Fort Lauderdale, Florida",florida,,,9999,9999
610,Lyn Payne,1997,librarian,"Orlando, Florida",florida,,25-4021CU,25,4021CU
519,Cathi Pedersen,1997,transcriptionist,"Key West, Florida",florida,,,9999,9999
2795,Rod Jackson,1997,high school history teacher,"Jacksonville, Florida",florida,,25-2031,25,2031
3877,Tricia Schroyer,1998,housewife and freelance seamstress,"Pensacola, Florida",florida,,,9999,9999
2230,Cheryl Weiss,1999,social studies teacher,"Panama City, Florida",florida,,,9999,9999
2098,Matt Schnippert,2001,sophomore at Florida State University,"Jacksonville, Florida",florida,TRUE,56-MiscStudent,56,MiscStudent
4378,Tate Garrett,1999,venture capitalist,"Tampa, Florida",florida,,,9999,9999
4080,Lynne Larkin,2000,attorney,"Vero Beach, Florida",florida,,23-1011,23,1011
4082,Mike Becker,2000,track & field coach,"Miami, Florida",florida,,,9999,9999
4083,Arnie Perlstein,2000,real estate and business lawyer,"Fort Lauderdale, Florida",florida,,,9999,9999
5726,Michael Portnoy,2009,teacher,"Miami, Florida",florida,,25-MiscTeacher,25,MiscTeacher
1939,Bob Collins,2006,restaurant manager,"Melbourne, Florida",florida,,11-9051,11,9051
6888,Sharyle Doherty,2010,Canadian program executive,"Davie, Florida",florida,,,9999,9999
1352,Chris Borglum,1997,English professor,"Altamonte Springs, Florida",florida,,,9999,9999
1351,Beth Klein,2005,mom and assistant editor,"Boynton Beach, Florida",florida,,,9999,9999
8418,Scott Singer,2013,attorney,"Boca Raton, Florida",florida,,23-1011,23,1011
7002,Mark McDonnell,2010,triathlon coach  and entrepreneur,"Miami, Florida",florida,,,9999,9999
744,Jake Maeroff,2002,law student,"Plantation, Florida",florida,,23-LawStudent,23,LawStudent
5350,Jenn Hilley,2003,high school English teacher,"Orlando, Florida",florida,,25-2031,25,2031
5749,Charles Rosenthal,2003,manager for an executive search firm,"Coral Springs, Florida",florida,,,9999,9999
5260,Brad Vogelbach,2002,business consultant,"Wilton Manors, Florida",florida,,13-1111,13,1111
5109,Tom Pusateri,2008,teacher,"Clearwater, Florida",florida,,25-MiscTeacher,25,MiscTeacher
884,Becky Molina,2001,educator and mother,"Fort Pierce, Florida",florida,,,9999,9999
1265,Charlie Patton,1996,journalist,"Jacksonville, Florida",florida,,27-3022CU,27,3022CU
5681,Tom Inskeep,2003,administrative assistant,"Coral Gables, Florida",florida,,,9999,9999
3542,Dawn Marie Nolan,1987,senior at Fletcher Senior High School,"Jacksonville Beach, Florida",florida,TRUE,56-MiscStudent,56,MiscStudent
4338,Sharon Glickman,1999,comptroller,"Coral Springs, Florida",florida,,11-3031,11,3031
4332,Laura Sternberg,1999,software engineer,"Parkland, Florida",florida,,15-1131CU,15,1131CU
3136,Jeremy Rasmussen,2007,computer security consultant,"Lutz, Florida",florida,,59-Consultant,59,Consultant
5765,Meagan Grote,2009,bookseller,"Lakeland, Florida",florida,,41-bookseller,41,bookseller
7427,Emma Couture,2011,twelve-year-old,"St. Petersburg, Florida",florida,TRUE,56-MiscStudent,56,MiscStudent
7424,Emma Johnson,2011,eleven-year-old,"St. Petersburg, Florida",florida,TRUE,56-MiscStudent,56,MiscStudent
7429,Maddie Harrington,2011,twelve-year-old,"Palm Beach Gardens, Florida",florida,TRUE,56-MiscStudent,56,MiscStudent
1624,Carolyn Eichner,2006,historian and professor of women's studies,"Tampa, Florida",florida,,25-Prof,25,Prof
4693,Bill Jacobs,1999,doctor,"Wellington, Florida",florida,,29-Doctor,29,Doctor
1791,Chrissy Hoffman,2006,nonprofit director,"Ponte Vedra Beach, Florida",florida,,,9999,9999
6843,Tom LaPorta,2010,web designer,"Jacksonville, Florida",florida,,15-1134,15,1134
7633,Nicholas Campiz,2012,graduate student in geography,"Gainesville, Florida",florida,,56-MiscStudent,56,MiscStudent
9062,Steve Biddle,1988,advertising executive,"Palm Bay, Florida",florida,,11-2011,11,2011
147,Lyle Brenner,2004,college professor,"Gainesville, Florida",florida,,25-Prof,25,Prof
4711,Eric Hemer,1999,director of wine education,"Lake Worth, Florida",florida,,,9999,9999
3710,Monica Gruber,2000,administrative assistant,"Plantation, Florida",florida,,,9999,9999
4909,Paul Thomas,2008,theater technician,"Hollywood, Florida",florida,,,9999,9999
5140,Jim Roberts,1992,opthamologist,"Clearwater, Florida",florida,,,9999,9999
126,Pete DeBalli,2004,anesthesiologist,"Titusville, Florida",florida,,29-1061,29,1061
7246,Tom Kunzen,2011,geotechnical engineer,"Orlando, Florida",florida,,17-2051,17,2051
8212,Hans Reodica,2013,CPA,"Navarre, Florida",florida,,13-2011,13,2011
7658,Bob Powell,2012,network administrator,"Fort Walton Beach, Florida",florida,,,9999,9999
8176,Arjun Byju,2013,senior,"Sarasota, Florida",florida,TRUE,56-MiscStudent,56,MiscStudent
2544,Sean Carson,2006,teacher,"Greenville, Florida",florida,,25-MiscTeacher,25,MiscTeacher
3173,Stuart Leeman,2001,executive,"Coral Springs, Florida",florida,,,9999,9999
1360,Chad Bell,1997,senior,"Sarasota, Florida",florida,TRUE,56-MiscStudent,56,MiscStudent
109,Brad Selvig,2004,sophomore at Florida State,"Jacksonville, Florida",florida,TRUE,56-MiscStudent,56,MiscStudent
6200,Josh Charnin-Aker,2002,twelve-year-old,"Lighthouse Point, Florida",florida,TRUE,56-MiscStudent,56,MiscStudent
7679,Jaime Alayon,2012,sophomore at the George Washington University,"Miami, Florida",florida,TRUE,56-MiscStudent,56,MiscStudent
7672,Danny Parra,2012,sportscaster,"Miami, Florida",florida,,,9999,9999
1285,Bill MacDonald,2005,attorney,"Bonita Springs, Florida",florida,,23-1011,23,1011
1579,Allison Pe�a,2006,junior,"Sunrise, Florida",florida,TRUE,56-MiscStudent,56,MiscStudent
5994,Pat Miller,2009,accounts payable clerk,"Jacksonville, Florida",florida,,,9999,9999
6786,Andrew Sidden,2010,bartender,"Miami Beach, Florida",florida,,35-3011,35,3011
249,Allan Long,2005,freshman,"Tallahassee, Florida",florida,TRUE,56-MiscStudent,56,MiscStudent
338,Michael Dup�e,1996,attorney,"Gainesville, Florida",florida,,23-1011,23,1011
2698,Eric Grunden,1997,high school teacher,"Gainesville, Florida",florida,,25-2031,25,2031
2696,Liz Klausky,1997,registered nurse,"Port Orange, Florida",florida,,29-1141,29,1141
7193,Erin Beach,2011,graduate student of English,"Bradenton, Florida",florida,,56-MiscStudent,56,MiscStudent
4281,Linda Zell Randall,2007,attorney,"Naples, Florida",florida,,23-1011,23,1011
387,Grace Veach,1997,librarian,"Lakeland, Florida",florida,,25-4021CU,25,4021CU
4811,Kit Salisbury,1999,furniture salesman,"Lake Worth, Florida",florida,,,9999,9999
2735,Mary Ann Meyers,1988,homemaker,"Clearwater, Florida",florida,,Unemployed,Unemployed,9999
3032,Jeff Rozen,2006,sales consultant,"Sarasota, Florida",florida,,59-Consultant,59,Consultant
6420,Evelyn Beddow,2009,stay-at-home mom,"Weston, Florida",florida,,StayAtHome,StayAtHome,9999
8696,Kellie Chan,2013,graduate student of biology,"Chuluota, Florida",florida,,56-MiscStudent,56,MiscStudent
558,Hap Erstein,1997,theater critic,"West Palm Beach, Florida",florida,,,9999,9999
4774,Meg Audette,1999,junior at Wofford College,"Ocala, Florida",florida,TRUE,56-MiscStudent,56,MiscStudent
2710,Barbara Blake,1997,programs manager,"Orlando, Florida",florida,,,9999,9999
7227,Mark Pudlow,2011,teachers' union spokesman,"Havana, Florida",florida,,25-MiscTeacher,25,MiscTeacher
6241,Amy Mandel,2000,12-year-old,"Miami, Florida",florida,TRUE,56-MiscStudent,56,MiscStudent
6244,Gabby Dannunzio,2009,12-year-old,"Largo, Florida",florida,TRUE,56-MiscStudent,56,MiscStudent
8874,Sean Walsh,1991,teacher,"Loxahatchee Groves, Florida",florida,,25-MiscTeacher,25,MiscTeacher
1715,Scott Gardiner,2006,Army lawyer,"Tampa, Florida",florida,,,9999,9999
3010,Michael Rodriguez,2001,attorney,"Palm City, Florida",florida,,23-1011,23,1011
4185,Meri-Jane Rochelson,2000,college professor,"Miami, Florida",florida,,25-Prof,25,Prof
5660,Barb Schwartz,2008,veterinary technician,"Kissimmee, Florida",florida,,,9999,9999
2741,Michelle Lellouche,1988,archivist,"Jacksonville, Florida",florida,,25-4011,25,4011
8880,Dana Murray,2014,foreign service officer,"Tampa, Florida",florida,,19-3094CU,19,3094CU
8069,Tina Baybay-Bykov,2012,AP world history teacher,"Orlando, Florida",florida,,25-MiscTeacher,25,MiscTeacher
8065,Drew Joanides,2012,high school history teacher,"Miami, Florida",florida,,25-2031,25,2031
8061,Terry Parker,2012,high school history teacher,"Cutler Bay, Florida",florida,,25-2031,25,2031
2896,Lindsey Bartlett,2002,junior,"Winter Haven, Florida",florida,TRUE,56-MiscStudent,56,MiscStudent
4923,Elizabeth Nyman,1999,sophomore,"Jacksonville, Florida",florida,TRUE,56-MiscStudent,56,MiscStudent
4792,Pat Smith,1999,water treatment operator,"Lake Worth, Florida",florida,,,9999,9999
5830,Louis Irizarry,2009,sales rep,"Palmetto Bay, Florida",florida,,,9999,9999
7977,Larkin Breitner,2012,11-year-old,"Fleming Island, Florida",florida,TRUE,56-MiscStudent,56,MiscStudent
1731,Margaret Kickliter,2006,catering assistant,"Palm Harbor, Florida",florida,,,9999,9999
3071,Brian McCullough,2001,writer,"Fort Myers, Florida",florida,,27-Writer,27,Writer
3927,Tim Abou-Sayed,2007,plastic surgeon,"Manalapan, Florida",florida,,29-1067,29,1067
3679,Kevin Larkin,2000,pharmaceutical territory manager,"Jupiter, Florida",florida,,,9999,9999
3673,Rosemary Wiseman,2000,office manager,"Oldsmar, Florida",florida,,,9999,9999
3583,Jamey Kirby,2007,humanities teacher,"Live Oak, Florida",florida,,25-MiscTeacher,25,MiscTeacher
902,Gordon Frankel Light,1996,attorney,"Miami, Florida",florida,,23-1011,23,1011
8934,Sofi Albizuri,2014,writer and mom,"Miami, Florida",florida,,,9999,9999
7174,Ryan Nelson,2011,law student,"Tampa, Florida",florida,,23-LawStudent,23,LawStudent
1695,Roger Clendening II,1998,insurance company clerk,"St. Petersburg, Florida",florida,,,9999,9999
1477,Chris Casper,2006,attorney,"Tampa, Florida",florida,,23-1011,23,1011
4222,Rahul Ranadive,2000,lawyer,"Miami, Florida",florida,,23-1011,23,1011
4223,Jason Parker,2000,graduate student,"Gainesville, Florida",florida,,56-GradStu,56,GradStu
4535,Woody Kennedy,2001,middle school assistant principal,"Clearwater Beach, Florida",florida,,,9999,9999
6735,Cyd Musni,2010,customer care representative,"Orlando, Florida",florida,,,9999,9999
6287,Dot Richardson,1998,physician and Olympic softball player,"Orlando, Florida",florida,,,9999,9999
6282,Brooks Colleton,2000,12-year-old,"Jacksonville, Florida",florida,TRUE,56-MiscStudent,56,MiscStudent
3058,Steve Deitsch,2001,network administrator,"Boca Raton, Florida",florida,,,9999,9999
1315,Doug Fitch,1997,college student,"Casselberry, Florida",florida,,56-MiscStudent,56,MiscStudent
7722,Sonia Saraiya,2012,writer and editor,"Lutz, Florida",florida,,27-Writer,27,Writer
4051,Jerry Crowley,2000,law student,"Tallahassee, Florida",florida,,23-LawStudent,23,LawStudent
3611,Tracy Guarini,2000,stay-at-home mom,"Jacksonville, Florida",florida,,StayAtHome,StayAtHome,9999
4446,Britt Galipault,2000,full-time mom,"Parrish, Florida",florida,,,9999,9999
5198,Christine Schmidt,2002,high school teacher,"Miami, Florida",florida,,25-2031,25,2031
3234,Matthew Laflin,2001,law student,"Satellite Beach, Florida",florida,,23-LawStudent,23,LawStudent
8919,Cameron Kim,2014,senior at Duke University,"Riverview, Florida",florida,TRUE,56-MiscStudent,56,MiscStudent
7113,Alexis Hawley,2010,attorney,"Winter Park, Florida",florida,,23-1011,23,1011
7118,Bob Fulmer,2010,eco-tour guide,"Fort Pierce, Florida",florida,,,9999,9999
1534,Sarah Altier,2006,teacher,"DeLand, Florida",florida,,25-MiscTeacher,25,MiscTeacher
4202,Gigi Lehman,2000,home schooling mom,"Miami, Florida",florida,,,9999,9999
300,Jim Holton,2000,history professor,"Lakeland, Florida",florida,,,9999,9999
472,Joyce Sturgill,1997,remedial English teacher,"Fort Pierce, Florida",florida,,25-MiscTeacher,25,MiscTeacher
6113,Tony Terry,2009,IT professional,"Seminole, Florida",florida,,,9999,9999
7289,Heather Timberlake,2011,new mom,"Miami, Florida",florida,,,9999,9999
3422,Tom Davidson,1993,consultant,"Tampa, Florida",florida,,59-Consultant,59,Consultant
6937,Tom Alexander,2010,TV news writer,"Orlando, Florida",florida,,,9999,9999
8123,Paula Menasche,2012,high school social studies teacher,"Coral Gables, Florida",florida,,25-2031,25,2031
3639,William Lee,2007,software engineer,"Vero Beach, Florida",florida,,15-1131CU,15,1131CU
5450,Rollin Jewett,2003,writer,"Fort Lauderdale, Florida",florida,,27-Writer,27,Writer
4460,Tanya Wade,2000,assistant marketing editor,"West Palm Beach, Florida",florida,,,9999,9999
419,Erik Larsen,1990,librarian and a licensed amateur boxing official,"Jacksonville, Florida",florida,,,9999,9999
8596,Jody Lentz,1990,electronic upkeep consultant,"Orlando, Florida",florida,,59-Consultant,59,Consultant
4911,Gabrielle McMahan,2008,junior,Florida A&M University,florida,TRUE,56-MiscStudent,56,MiscStudent
2790,Matt Wehling,1997,composer,"Tampa, Florida",florida,,27-2041,27,2041
8786,Janel Stogdill,2013,homeschool mom,"Valrico, Florida",florida,,,9999,9999
8105,Theresa Anderson,2012,clothing sales associate,"Valrico, Florida",florida,,,9999,9999
8103,Carly Gramer,2012,associate editor of textbooks,"Orlando, Florida",florida,,,9999,9999
1354,Tanis O'Connor,1997,senior,"Clearwater, Florida",florida,TRUE,56-MiscStudent,56,MiscStudent
4885,Ric Leach,2008,training director,"Miami, Florida",florida,,,9999,9999
8366,Larry Krajewski,2013,postal worker,"Safety Harbor, Florida",florida,,,9999,9999
7879,Jim Abbott,2012,property appraiser,"St. Augustine, Florida",florida,,13-2021,13,2021
6300,Dick Fernberg,2003,geologist,"Daytona Beach, Florida",florida,,19-2042,19,2042
8956,Mike Dup�e,1996,post-graduate student,"Gainesville, Florida",florida,,56-MiscStudent,56,MiscStudent
4247,Braden Corkum,2007,12-year-old,"Niceville, Florida",florida,TRUE,56-MiscStudent,56,MiscStudent
8305,Brett Geer,1992,law student,"St. Petersburg, Florida",florida,,23-LawStudent,23,LawStudent
6975,Pat Farrior,1994,postal worker,"Pensacola, Florida",florida,,,9999,9999
1374,Mark Levin,2005,retired dentist,"Wellington, Florida",florida,,58-Retired,58,Retired
4033,Rosemarie Rinaldi,1999,attorney,"Miami, Florida",florida,,23-1011,23,1011
4034,Matthew McCarthy,1999,college sophomore,"Miami, Florida",florida,TRUE,56-MiscStudent,56,MiscStudent
4983,Max Johansen,1999,12-year-old,"Boca Raton, Florida",florida,TRUE,56-MiscStudent,56,MiscStudent
1971,Bill MacDonald,2005,attorney,"Bonita Springs, Florida",florida,,23-1011,23,1011
3231,Scott Pritchett,2001,radio sales manager,"Hollywood, Florida",florida,,,9999,9999
1618,Steve Toffler,2006,travel marketing executive,"Boca Raton, Florida",florida,,,9999,9999
5503,Ed Glenn,2003,college professor,"Miami, Florida",florida,,25-Prof,25,Prof
7680,Zack Terrill,2012,senior at Vanderbilt University,"Winter Springs, Florida",florida,TRUE,56-MiscStudent,56,MiscStudent
363,Frank Selevan,1984,advertising copywriter,"Miami, Florida",florida,,27-3043,27,3043
6172,Jennifer Klein,2009,business risk manager,"Jacksonville, Florida",florida,,,9999,9999
6171,Mike Bartlett,2009,financial aid officer and student,"Tallahassee, Florida",florida,,56-MiscStudent,56,MiscStudent
4832,Mike Corbin,2008,psychiatrist,"Fort Lauderdale, Florida",florida,,29-1066,29,1066
4522,Rich Jacobs,2001,account manager,"Lake Worth, Florida",florida,,,9999,9999
7059,Hans von Walter,2010,junior,"Southern Adventist University from Avon Park, Florida",florida,TRUE,56-MiscStudent,56,MiscStudent
7055,Rony Josaphat,2010,master's student of television,"North Miami, Florida",florida,,56-MiscStudent,56,MiscStudent
8143,Parker East,2013,performance artist,"Tallahassee, Florida",florida,,,9999,9999
57,Kelly Scurry,2004,11-year-old seventh grader,"Lauderhill, Florida",florida,TRUE,56-MiscStudent,56,MiscStudent
2854,Keith Milsark,1997,marketing director,"Orlando, Florida",florida,,11-2021,11,2021
2856,Courtney Conrad,1997,business owner,"Orlando, Florida",florida,,,9999,9999
6506,Patrick Pence,2009,GIS coordinator,"Tallahassee, Florida",florida,,,9999,9999
7551,Tom Kunzen,2011,geotechnical engineer,"Orlando, Florida",florida,,17-2051,17,2051
2081,Bill Weylock,2006,market researcher,"Fort Lauderdale, Florida",florida,,13-1161CU,13,1161CU
4345,Jeff Spoeri,2006,university administrator,"Boynton Beach, Florida",florida,,11-9033,11,9033
5714,Laura Chan,2003,web development intern,"Cape Coral, Florida",florida,,,9999,9999
4976,Davine Scarlett,1999,12-year-old,"Miami, Florida",florida,TRUE,56-MiscStudent,56,MiscStudent
3278,Cindy Peters,2007,project manager,"Orlando, Florida",florida,,57-ProjMgr,57,ProjMgr
1986,Anne Cichocki,2002,recent law school graduate,"Jacksonville, Florida",florida,,58-RecentGrad,58,RecentGrad
5486,Kevin Finn,2008,university lecturer,"Miami, Florida",florida,,,9999,9999
8269,Julie Bobick,1990,resort manager,"Fort Myers Beach, Florida",florida,,,9999,9999
6529,Todd Ryan,2009,biology student,"Jacksonville, Florida",florida,,56-MiscStudent,56,MiscStudent
3486,Adam Brosius,2002,environmental consultant,"Fort Lauderdale, Florida",florida,,59-Consultant,59,Consultant
4566,Howard Samson,2008,project manager,"Sunrise, Florida",florida,,57-ProjMgr,57,ProjMgr
7014,Brad Rodriguez,2010,assistant general manager of a minor league baseball team,"Jacksonville, Florida",florida,,,9999,9999
7011,Kelly Moore,2010,attorney,"Orlando, Florida",florida,,23-1011,23,1011
4365,Sam Raman,1999,telecom consultant,"Boca Raton, Florida",florida,,59-Consultant,59,Consultant
4950,Erin Gell,1999,senior,"Boca Raton, Florida",florida,TRUE,56-MiscStudent,56,MiscStudent
3298,Paul Sharman,1999,e-business consultant,"Boca Raton, Florida",florida,,59-Consultant,59,Consultant
8241,Yellowlees Douglas,2013,associate professor of management communications,"Gainesville, Florida",florida,,25-Prof,25,Prof
5961,Eric LaForest,2009,high school history teacher,"Jacksonville, Florida",florida,,25-2031,25,2031
2626,Jim McMurtry,2006,letter carrier,"Tallahassee, Florida",florida,,43-5052,43,5052
2971,Jon Newlon,2002,lawyer and father,"Dade City, Florida",florida,,,9999,9999
1047,Sharon Rupe,2005,children's museum designer,"St. Petersburg, Florida",florida,,,9999,9999
4306,Tracy Martinell Henry,2007,attorney,"St. Petersburg, Florida",florida,,23-1011,23,1011
5752,Sue Kelly,1988,office manager,"Switzerland, Florida",florida,,,9999,9999
7433,Judy Neuwirth,2011,paralegal,"Miami Beach, Florida",florida,,23-2011,23,2011
2752,Jeff Spoeri,2006,university administrator,"Boynton Beach, Florida",florida,,11-9033,11,9033
1616,Megan Clouser,1998,environmental compliance specialist,"Miami, Florida",florida,,,9999,9999
1862,Melissa Garber,2006,copy editor,"Orlando, Florida",florida,,27-3041,27,3041
5113,Lionel Goldbart,1986,retired schoolteacher,"Miami Beach, Florida",florida,,58-Retired,58,Retired
8227,Lee Saunders,1987,part-time textbook editor,"Orlando, Florida",florida,,,9999,9999
4649,Brad Nail,1999,liability analyst,"West Palm Beach, Florida",florida,,,9999,9999
7604,Silas Crawford,2011,attorney,"Jacksonville, Florida",florida,,23-1011,23,1011
4110,Crystal Reed,1999,pension assistant,"Miami, Florida",florida,,,9999,9999
3344,Lynne Bruchet,2000,behavior specialist,"Tallahassee, Florida",florida,,,9999,9999
9078,Leah Blumenfeld,2014,political science professor,"Miami, Florida",florida,,25-Prof,25,Prof
3553,Dorothy Cassetta,2007,teacher,"Orlando, Florida",florida,,25-MiscTeacher,25,MiscTeacher
4329,Tara Pearson,2007,director of human resources,"Safety Harbor, Florida",florida,,,9999,9999
3143,Lauren Pasquarella,2001,doctoral student,"Gainesville, Florida",florida,,56-GradStu,56,GradStu
3147,Kevin Comer,2001,history student,"St. Petersburg, Florida",florida,,56-MiscStudent,56,MiscStudent
5774,Claudine Damm,2002,student,"Coconut Creek, Florida",florida,,56-MiscStudent,56,MiscStudent
6616,Thomas Meringolo,2010,high school language arts teacher,"Wilton Manors, Florida",florida,,25-2031,25,2031
87,Jerry Taggart,2004,billing administrator,"Holiday, Florida",florida,,,9999,9999
6582,Chris Parsons,2004,undergraduate student,"Wabasso, Florida",florida,,56-MiscStudent,56,MiscStudent
7624,Patrick Rostock,2011,fulfillment manager,"Fort Lauderdale, Florida",florida,,,9999,9999
3081,John Haworth,2001,psychology professor,"Jacksonville, Florida",florida,,25-1066,25,1066
3886,Rosemary Travis,2007,retired patient advocate,"Palm Coast, Florida",florida,,58-Retired,58,Retired
8325,Karla Stahl,2013,business manager,"Odessa, Florida",florida,,,9999,9999
6005,Thomas Citrano,1999,Marine Corps infantry officer,"Jacksonville, Florida, now stationed at Camp Lejeune, North Carolina",florida,,,9999,9999
6009,Michael Arnold,1999,Air Force weapons systems officer,"Tampa, Florida",florida,,,9999,9999
2934,John Gershkoff,2006,realtor,"Fort Lauderdale, Florida",florida,,41-9022,41,9022
3160,Daniel Melcher,2001,forensic engineer,"West Palm Beach, Florida",florida,,,9999,9999
2007,Mary Albanese,2000,teacher,"Fort Lauderdale, Florida",florida,,25-MiscTeacher,25,MiscTeacher
7479,Ellen Mizio,2011,forensics researcher,"Tampa, Florida",florida,,,9999,9999
7473,Beth Hermann,2011,school receptionist,"Melbourne, Florida",florida,,,9999,9999
2328,Helen Sporher,1997,business owner,"St. George Island, Florida",florida,,,9999,9999
115,Sanda Kurtz,2004,price protection manager,"Miami Beach, Florida",florida,,,9999,9999
1569,Diane Tabbott,1997,communications manager,"Jacksonville, Florida",florida,,,9999,9999
5638,John Franklin,2003,sales manager,"Fort Lauderdale, Florida",florida,,,9999,9999
